name,checkpoint,n_action_steps,n_episodes,mean,ci95,success_pct
act_pusht_baseline,20000,16,5000,76.43,1.74,7.24
act_pusht_baseline,40000,16,5000,94.46,1.84,15.22
act_pusht_baseline,60000,16,5000,93.37,1.85,10.54
act_pusht_baseline,80000,16,5000,100.11,1.84,15.06
act_pusht_baseline,100000,16,5000,104.99,1.9,20.02
act_pusht_baseline,100000,24,200,86.54,9.2,19.0
act_pusht_baseline,100000,32,200,77.08,8.25,10.0
act_pusht_bs64_chunk32_dec7,20000,16,5000,126.62,1.81,28.18
act_pusht_bs64_chunk32_dec7,40000,16,5000,141.41,1.84,45.54
act_pusht_bs64_chunk32_dec7,60000,16,5000,143.03,1.85,48.2
act_pusht_bs64_chunk32_dec7,80000,16,5000,146.11,1.86,50.74
act_pusht_bs64_chunk32_dec7,100000,16,5000,149.07,1.9,55.24
act_pusht_bs64_chunk32_dec7_200k,120000,16,5000,147.71,1.91,53.84
act_pusht_bs64_chunk32_dec7_200k,140000,16,5000,148.55,1.88,55.16
act_pusht_bs64_chunk32_dec7_200k,160000,16,5000,150.01,1.94,58.74
act_pusht_bs64_chunk32_dec7_200k,180000,16,5000,152.98,1.87,59.5
act_pusht_bs64_chunk32_dec7_200k,200000,16,5000,151.25,1.91,57.64
act_pusht_bs64_chunk32_dec7_seed1001,20000,16,5000,131.25,1.73,30.14
act_pusht_bs64_chunk32_dec7_seed1001,40000,16,5000,146.11,1.77,47.56
act_pusht_bs64_chunk32_dec7_seed1001,60000,16,5000,149.62,1.75,50.84
act_pusht_bs64_chunk32_dec7_seed1001,80000,16,5000,153.03,1.82,57.04
act_pusht_bs64_chunk32_dec7_seed1001,100000,16,5000,154.51,1.8,58.26
act_pusht_bs64_chunk32_dec7_seed1001_200k,120000,16,5000,153.66,1.83,55.42
act_pusht_bs64_chunk32_dec7_seed1001_200k,140000,16,5000,155.23,1.82,59.2
act_pusht_bs64_chunk32_dec7_seed1001_200k,160000,16,5000,159.33,1.79,62.66
act_pusht_bs64_chunk32_dec7_seed1001_200k,180000,16,5000,158.4,1.8,61.28
act_pusht_bs64_chunk32_dec7_seed1001_200k,200000,16,5000,158.27,1.81,61.48
act_pusht_bs64_chunk32_dec7_seed1002,20000,16,5000,128.32,1.76,28.68
act_pusht_bs64_chunk32_dec7_seed1002,40000,16,5000,134.45,1.81,36.26
act_pusht_bs64_chunk32_dec7_seed1002,60000,16,5000,144.68,1.81,46.64
act_pusht_bs64_chunk32_dec7_seed1002,80000,16,5000,145.9,1.83,49.3
act_pusht_bs64_chunk32_dec7_seed1002,100000,16,5000,148.86,1.86,52.08
act_pusht_bs64_chunk32_dec7_seed1002_200k,120000,16,5000,149.59,1.86,52.94
act_pusht_bs64_chunk32_dec7_seed1002_200k,140000,16,5000,150.19,1.83,54.22
act_pusht_bs64_chunk32_dec7_seed1002_200k,160000,16,5000,154.44,1.82,57.5
act_pusht_bs64_chunk32_dec7_seed1002_200k,180000,16,5000,152.4,1.88,56.58
act_pusht_bs64_chunk32_dec7_seed1002_200k,200000,16,5000,152.3,1.86,54.84
act_pusht_bs64_dec7,20000,16,5000,129.77,1.79,26.84
act_pusht_bs64_dec7,40000,16,5000,143.0,1.83,41.34
act_pusht_bs64_dec7,60000,16,5000,147.13,1.81,47.0
act_pusht_bs64_dec7,80000,16,5000,153.46,1.83,57.58
act_pusht_bs64_dec7,100000,16,5000,154.56,1.77,56.52
act_pusht_bs64_dec7_200k,120000,16,5000,154.94,1.81,58.92
act_pusht_bs64_dec7_200k,140000,16,5000,156.08,1.81,61.28
act_pusht_bs64_dec7_200k,160000,16,5000,155.21,1.82,60.44
act_pusht_bs64_dec7_200k,180000,16,5000,157.16,1.82,62.9
act_pusht_bs64_dec7_200k,200000,16,5000,155.22,1.83,61.44
act_pusht_bs64_dec7_seed1001,20000,16,5000,126.97,1.78,20.34
act_pusht_bs64_dec7_seed1001,40000,16,5000,141.23,1.74,32.08
act_pusht_bs64_dec7_seed1001,60000,16,5000,149.62,1.79,49.94
act_pusht_bs64_dec7_seed1001,80000,16,5000,150.61,1.85,54.14
act_pusht_bs64_dec7_seed1001,100000,16,5000,154.9,1.79,56.58
act_pusht_bs64_dec7_seed1001_200k,120000,16,5000,154.85,1.79,57.52
act_pusht_bs64_dec7_seed1001_200k,140000,16,5000,156.37,1.81,58.96
act_pusht_bs64_dec7_seed1001_200k,160000,16,5000,155.55,1.8,59.66
act_pusht_bs64_dec7_seed1001_200k,180000,16,5000,156.19,1.82,61.36
act_pusht_bs64_dec7_seed1001_200k,200000,16,5000,155.85,1.81,59.84
act_pusht_bs64_dec7_seed1002,20000,16,5000,134.28,1.83,34.78
act_pusht_bs64_dec7_seed1002,40000,16,5000,144.84,1.79,44.76
act_pusht_bs64_dec7_seed1002,60000,16,5000,151.53,1.76,50.82
act_pusht_bs64_dec7_seed1002,80000,16,5000,156.59,1.77,59.44
act_pusht_bs64_dec7_seed1002,100000,16,5000,159.14,1.77,61.3
act_pusht_bs64_dec7_seed1002_200k,120000,16,5000,160.8,1.75,61.36
act_pusht_bs64_dec7_seed1002_200k,140000,16,5000,159.91,1.76,60.96
act_pusht_bs64_dec7_seed1002_200k,160000,16,5000,164.35,1.77,66.7
act_pusht_bs64_dec7_seed1002_200k,180000,16,5000,162.83,1.73,65.12
act_pusht_bs64_dec7_seed1002_200k,200000,16,5000,162.71,1.79,66.08
act_pusht_bs64_dec7_seed1002_500k,220000,16,5000,163.59,1.74,65.12
act_pusht_bs64_dec7_seed1002_500k,240000,16,5000,162.99,1.76,66.66
act_pusht_bs64_dec7_seed1002_500k,260000,16,5000,162.91,1.76,64.92
act_pusht_bs64_dec7_seed1002_500k,280000,16,5000,162.32,1.76,64.9
act_pusht_bs64_dec7_seed1002_500k,300000,16,5000,164.02,1.75,66.8
act_pusht_bs64_dec7_seed1002_500k,320000,16,5000,162.64,1.76,66.08
act_pusht_bs64_dec7_seed1002_500k,340000,16,5000,161.67,1.78,66.16
act_pusht_bs64_dec7_seed1002_500k,360000,16,5000,162.0,1.79,65.76
act_pusht_bs64_dec7_seed1002_500k,380000,16,5000,162.18,1.77,66.48
act_pusht_bs64_dec7_seed1002_500k,400000,16,5000,163.28,1.78,66.06
act_pusht_bs64_dec7_seed1002_500k,420000,16,5000,162.38,1.79,67.08
act_pusht_bs64_dec7_seed1002_500k,440000,16,5000,161.99,1.79,65.48
act_pusht_bs64_dec7_seed1002_500k,460000,16,5000,163.02,1.79,67.12
act_pusht_bs64_dec7_seed1002_500k,480000,16,5000,160.78,1.79,65.46
act_pusht_bs64_dec7_seed1002_500k,500000,16,5000,159.94,1.83,64.16
act_pusht_bs64lr2e5,20000,16,5000,96.9,1.79,14.22
act_pusht_bs64lr2e5,40000,16,5000,107.45,1.87,19.42
act_pusht_bs64lr2e5,60000,16,5000,110.2,1.94,24.88
act_pusht_bs64lr2e5,80000,16,5000,114.19,1.9,29.2
act_pusht_bs64lr2e5,100000,16,5000,118.09,2.01,33.64
act_pusht_bs64lr2e5,100000,24,200,106.86,9.54,29.5
act_pusht_bs64lr2e5,100000,32,200,99.4,8.82,21.5
act_pusht_chunk16,20000,16,5000,91.95,1.9,8.22
act_pusht_chunk16,40000,16,5000,90.46,1.85,9.06
act_pusht_chunk16,60000,16,5000,108.07,1.91,15.26
act_pusht_chunk16,80000,16,5000,108.84,2.03,24.4
act_pusht_chunk16,100000,16,5000,105.81,1.98,20.56
act_pusht_chunk32,20000,16,5000,92.54,1.78,11.24
act_pusht_chunk32,40000,16,5000,103.94,1.73,13.9
act_pusht_chunk32,60000,16,5000,115.12,1.76,15.12
act_pusht_chunk32,80000,16,5000,118.11,1.8,18.8
act_pusht_chunk32,100000,16,5000,125.93,1.78,29.98
act_pusht_chunk32,100000,24,200,103.2,9.04,17.5
act_pusht_chunk32,100000,32,200,97.31,9.01,16.5
act_pusht_chunk32_dec7,20000,16,5000,87.3,1.8,9.22
act_pusht_chunk32_dec7,40000,16,5000,109.46,1.83,15.62
act_pusht_chunk32_dec7,60000,16,5000,123.78,1.71,17.28
act_pusht_chunk32_dec7,80000,16,5000,127.85,1.87,31.16
act_pusht_chunk32_dec7,100000,16,5000,131.38,1.84,33.52
act_pusht_chunk32_dec7,100000,24,200,120.06,9.19,28.0
act_pusht_chunk32_dec7,100000,32,200,103.14,8.82,15.5
act_pusht_dec7,20000,16,5000,84.2,1.73,4.5
act_pusht_dec7,40000,16,5000,119.61,1.92,27.96
act_pusht_dec7,60000,16,5000,126.19,1.82,26.24
act_pusht_dec7,80000,16,5000,128.48,1.8,24.96
act_pusht_dec7,100000,16,5000,133.44,1.81,32.94
act_pusht_dec7,100000,24,200,117.4,8.53,23.5
act_pusht_dec7,100000,32,200,100.49,8.61,14.0
act_pusht_dec7_2M,820000,16,5000,159.41,1.75,60.76
act_pusht_dec7_2M,840000,16,5000,158.57,1.76,61.62
act_pusht_dec7_2M,860000,16,5000,161.71,1.75,64.48
act_pusht_dec7_2M,880000,16,5000,159.54,1.79,62.72
act_pusht_dec7_2M,900000,16,5000,159.27,1.77,61.58
act_pusht_dec7_2M,920000,16,5000,159.4,1.77,61.6
act_pusht_dec7_2M,940000,16,5000,158.96,1.78,60.94
act_pusht_dec7_2M,960000,16,5000,159.91,1.81,64.04
act_pusht_dec7_2M,980000,16,5000,158.37,1.82,61.32
act_pusht_dec7_2M,1000000,16,5000,157.94,1.8,60.68
act_pusht_dec7_2M,1020000,16,5000,160.1,1.78,63.94
act_pusht_dec7_2M,1040000,16,5000,160.28,1.78,63.9
act_pusht_dec7_2M,1060000,16,5000,160.18,1.81,63.62
act_pusht_dec7_2M,1080000,16,5000,160.4,1.76,63.04
act_pusht_dec7_2M,1100000,16,5000,158.65,1.83,64.52
act_pusht_dec7_2M,1120000,16,5000,158.82,1.82,63.98
act_pusht_dec7_2M,1140000,16,5000,159.64,1.82,62.9
act_pusht_dec7_2M,1160000,16,5000,158.2,1.79,61.44
act_pusht_dec7_2M,1180000,16,5000,158.63,1.81,62.74
act_pusht_dec7_2M,1200000,16,5000,157.25,1.84,62.58
act_pusht_dec7_2M,1220000,16,5000,157.36,1.82,61.36
act_pusht_dec7_2M,1240000,16,5000,159.82,1.84,65.3
act_pusht_dec7_2M,1260000,16,5000,158.29,1.8,62.64
act_pusht_dec7_2M,1280000,16,5000,158.97,1.83,62.1
act_pusht_dec7_2M,1300000,16,5000,159.97,1.82,64.7
act_pusht_dec7_2M,1320000,16,5000,159.37,1.8,62.48
act_pusht_dec7_2M,1340000,16,5000,160.0,1.83,64.74
act_pusht_dec7_2M,1360000,16,5000,158.88,1.82,62.34
act_pusht_dec7_2M,1380000,16,5000,157.72,1.83,62.26
act_pusht_dec7_2M,1400000,16,5000,159.06,1.81,64.62
act_pusht_dec7_2M,1420000,16,5000,157.61,1.85,62.46
act_pusht_dec7_2M,1440000,16,5000,157.45,1.85,61.58
act_pusht_dec7_2M,1460000,16,5000,157.81,1.84,63.92
act_pusht_dec7_2M,1480000,16,5000,158.17,1.82,62.04
act_pusht_dec7_800k,120000,16,5000,134.64,1.79,27.72
act_pusht_dec7_800k,140000,16,5000,140.89,1.86,40.16
act_pusht_dec7_800k,160000,16,5000,135.11,1.78,28.44
act_pusht_dec7_800k,180000,16,5000,145.47,1.83,45.34
act_pusht_dec7_800k,200000,16,5000,145.98,1.77,42.92
act_pusht_dec7_800k,220000,16,5000,144.78,1.81,44.46
act_pusht_dec7_800k,240000,16,5000,147.74,1.79,45.56
act_pusht_dec7_800k,260000,16,5000,146.61,1.78,44.78
act_pusht_dec7_800k,280000,16,5000,152.27,1.76,43.36
act_pusht_dec7_800k,300000,16,5000,152.16,1.77,52.16
act_pusht_dec7_800k,320000,16,5000,152.45,1.77,51.42
act_pusht_dec7_800k,340000,16,5000,155.32,1.77,53.92
act_pusht_dec7_800k,360000,16,5000,153.61,1.81,56.78
act_pusht_dec7_800k,380000,16,5000,155.39,1.77,55.44
act_pusht_dec7_800k,400000,16,5000,157.16,1.79,58.76
act_pusht_dec7_800k,420000,16,5000,154.61,1.79,56.06
act_pusht_dec7_800k,440000,16,5000,159.45,1.74,60.16
act_pusht_dec7_800k,460000,16,5000,158.36,1.76,60.06
act_pusht_dec7_800k,480000,16,5000,158.02,1.73,55.88
act_pusht_dec7_800k,500000,16,5000,157.5,1.75,58.06
act_pusht_dec7_800k,520000,16,5000,154.7,1.76,53.84
act_pusht_dec7_800k,540000,16,5000,156.35,1.79,57.54
act_pusht_dec7_800k,560000,16,5000,157.95,1.77,58.8
act_pusht_dec7_800k,580000,16,5000,158.42,1.74,60.26
act_pusht_dec7_800k,600000,16,5000,158.99,1.78,61.62
act_pusht_dec7_800k,620000,16,5000,158.78,1.78,61.48
act_pusht_dec7_800k,640000,16,5000,155.99,1.79,59.58
act_pusht_dec7_800k,660000,16,5000,157.82,1.77,60.36
act_pusht_dec7_800k,680000,16,5000,157.09,1.76,59.48
act_pusht_dec7_800k,700000,16,5000,159.35,1.75,61.7
act_pusht_dec7_800k,720000,16,5000,157.88,1.77,60.58
act_pusht_dec7_800k,740000,16,5000,158.93,1.77,63.14
act_pusht_dec7_800k,760000,16,5000,160.25,1.78,64.9
act_pusht_dec7_800k,780000,16,5000,157.98,1.8,59.72
act_pusht_dec7_800k,800000,16,5000,159.14,1.75,60.2
act_pusht_kl1,20000,16,5000,74.88,1.74,5.92
act_pusht_kl1,40000,16,5000,91.84,1.78,13.66
act_pusht_kl1,60000,16,5000,99.16,1.81,10.28
act_pusht_kl1,80000,16,5000,100.1,1.81,10.74
act_pusht_kl1,100000,16,5000,105.57,1.83,18.34
act_pusht_kl1,100000,24,200,94.39,8.68,16.0
act_pusht_kl1,100000,32,200,81.11,8.19,9.5
act_pusht_novae,20000,16,5000,80.31,1.74,5.04
act_pusht_novae,40000,16,5000,96.45,1.86,11.6
act_pusht_novae,60000,16,5000,104.46,1.89,14.58
act_pusht_novae,80000,16,5000,108.59,1.88,14.44
act_pusht_novae,100000,16,5000,113.1,1.92,18.38
act_pusht_novae,100000,24,200,98.41,9.12,15.0
act_pusht_novae,100000,32,200,87.85,8.91,9.5
act_pusht_seed1001,20000,16,5000,75.37,1.68,5.84
act_pusht_seed1001,40000,16,5000,90.53,1.83,10.04
act_pusht_seed1001,60000,16,5000,99.61,1.82,12.26
act_pusht_seed1001,80000,16,5000,111.45,1.9,19.94
act_pusht_seed1001,100000,16,5000,110.03,1.83,18.22
act_pusht_seed1001,100000,24,200,87.33,8.23,10.5
act_pusht_seed1001,100000,32,200,79.94,8.72,10.0
act_pusht_seed1002,20000,16,5000,76.36,1.61,2.98
act_pusht_seed1002,40000,16,5000,90.58,1.81,11.12
act_pusht_seed1002,60000,16,5000,103.87,1.89,19.86
act_pusht_seed1002,80000,16,5000,112.68,1.88,13.34
act_pusht_seed1002,100000,16,5000,116.15,1.88,18.96
act_pusht_seed1002,100000,24,200,95.26,8.72,15.0
act_pusht_seed1002,100000,32,200,87.79,8.74,7.5
act_pusht_triple,20000,16,5000,90.43,1.84,7.94
act_pusht_triple,40000,16,5000,117.94,1.78,14.48
act_pusht_triple,60000,16,5000,125.57,1.72,22.2
act_pusht_triple,80000,16,5000,127.17,1.74,17.86
act_pusht_triple,100000,16,5000,128.79,1.76,24.74
act_pusht_triple,100000,24,200,111.3,8.94,13.0
act_pusht_triple,100000,32,200,102.09,8.73,13.5
my_act,20000,16,5000,133.36,1.84,18.1
my_act,40000,16,5000,147.68,1.81,45.62
my_act,60000,16,5000,153.67,1.81,51.06
my_act,80000,16,5000,156.91,1.79,58.18
my_act,100000,16,5000,157.14,1.81,61.14
